[
  {
    "name": "rashid sir",
    "salary": "60000000"
  },
  {
    "name": "kxnc",
    "salary": "55"
  },
  {
    "name": "hjjjr",
    "salary": "59989"
  },
  {
    "name": "ghcgfxfx",
    "salary": "674466"
  },
  {
    "name": "dfsg",
    "salary": "3434"
  },
  {
    "name": "fghg",
    "salary": "3565356"
  },
  {
    "name": "vdsfhd",
    "salary": "43642"
  },
  {
    "name": "Parwinder Singh",
    "salary": "5555"
  },
  {
    "name": "swd",
    "salary": "222222"
  },
  {
    "name": "de",
    "salary": "34"
  }
]